Word,indoors - man-made - work_education,indoors - man-made - domestic,indoors - man-made - recreation,indoors - man-made - restaurant,indoors - man-made - transportation_urban,indoors - man-made - other_unclear,outdoors - man-made - work_education,outdoors - man-made - domestic,outdoors - man-made - recreation,outdoors - man-made - restaurant,outdoors - man-made - transportation_urban,outdoors - man-made - other_unclear,outdoors - natural - field_forest,outdoors - natural - body_of_water,outdoors - natural - mountain,outdoors - natural - other_unclear,Total_Count
wear-01,0.05039096437880104,0.06935997683174051,0.07819287576020852,0.020127425427164784,0.016362583260932522,0.026498696785403997,0.0280915146249638,0.03706921517520996,0.16985230234578627,0.0069504778453518675,0.28511439328120475,0.061251086012163336,0.05661743411526209,0.05690703735881842,0.026064291920069503,0.01114972487691862,6906
have-03,0.05657093124456049,0.07267188859878156,0.06962576153176675,0.020017406440382943,0.013054830287206266,0.0278503046127067,0.02741514360313316,0.030896431679721496,0.14273281114012185,0.008703220191470844,0.3093994778067885,0.06353350739773717,0.06440382941688425,0.057441253263707574,0.026979982593559618,0.008703220191470844,2298
stand-01,0.053445850914205346,0.0450070323488045,0.051570557899671826,0.012189404594467886,0.01828410689170183,0.02015939990623535,0.04172526957337084,0.04219409282700422,0.10220346929207688,0.009376465072667605,0.3455227379278012,0.07032348804500703,0.07126113455227379,0.07735583684950774,0.029067041725269572,0.010314111579934365,2133
sit-01,0.0845771144278607,0.1009950248756219,0.044278606965174126,0.058208955223880594,0.02935323383084577,0.025373134328358207,0.023880597014925373,0.06069651741293532,0.12288557213930348,0.029850746268656716,0.25024875621890547,0.03333333333333333,0.044278606965174126,0.07213930348258707,0.014925373134328358,0.004975124378109453,2010
play-01,0.00778642936596218,0.08731924360400445,0.14293659621802002,0.0055617352614015575,0.0033370411568409346,0.007230255839822024,0.0016685205784204673,0.04171301446051168,0.44883203559510565,0.0,0.052836484983314794,0.01557285873192436,0.0917686318131257,0.08342602892102335,0.0033370411568409346,0.006674082313681869,1798
walk-01,0.01020986954055587,0.0005672149744753262,0.0017016449234259785,0.0,0.010777084515031198,0.013045944412932501,0.02041973908111174,0.02041973908111174,0.0822461712989223,0.005672149744753261,0.6364152013613159,0.03403289846851957,0.06466250709018719,0.06466250709018719,0.02949517867271696,0.005672149744753261,1763
white-03,0.05029940119760479,0.05269461077844311,0.09341317365269461,0.01976047904191617,0.010778443113772455,0.031137724550898204,0.027544910179640718,0.02874251497005988,0.19520958083832335,0.007784431137724551,0.24850299401197604,0.053293413173652694,0.07904191616766468,0.058682634730538925,0.02215568862275449,0.020958083832335328,1670
red-02,0.02631578947368421,0.06097560975609756,0.07252888318356868,0.012836970474967908,0.011553273427471117,0.012836970474967908,0.02053915275994865,0.0410783055198973,0.21758664955070603,0.003209242618741977,0.24518613607188702,0.059050064184852376,0.0693196405648267,0.09114249037227215,0.0417201540436457,0.014120667522464698,1558
black-04,0.029296875,0.064453125,0.09309895833333333,0.024739583333333332,0.010416666666666666,0.026692708333333332,0.017578125,0.041015625,0.166015625,0.009765625,0.2662760416666667,0.04296875,0.10221354166666667,0.07682291666666667,0.014322916666666666,0.014322916666666666,1536
hold-01,0.05712109672505712,0.10357958872810358,0.07235338918507235,0.037319116527037316,0.011424219345011425,0.0297029702970297,0.017517136329017517,0.04341203351104341,0.12414318354912414,0.0030464584920030465,0.2924600152322925,0.06092916984006093,0.06702208682406702,0.05712109672505712,0.009900990099009901,0.012947448591012947,1313
look-01,0.10698496905393456,0.08576480990274093,0.046861184792219276,0.02475685234305924,0.023872679045092837,0.04420866489832007,0.026525198938992044,0.038903625110521665,0.12024756852343059,0.010610079575596816,0.2493368700265252,0.07161803713527852,0.052166224580017684,0.0680813439434129,0.020335985853227233,0.009725906277630416,1131
ride-01,0.0076481835564053535,0.004780114722753346,0.0248565965583174,0.0,0.021032504780114723,0.0009560229445506692,0.0019120458891013384,0.004780114722753346,0.3078393881453155,0.0019120458891013384,0.4005736137667304,0.011472275334608031,0.09082217973231357,0.07934990439770555,0.0372848948374761,0.004780114722753346,1046
run-02,0.001128668171557562,0.0,0.024830699774266364,0.0,0.0,0.0,0.009029345372460496,0.019187358916478554,0.24717832957110608,0.0,0.18848758465011287,0.033860045146726865,0.32505643340857787,0.12866817155756208,0.014672686230248307,0.007900677200902935,886
work-01,0.16801853997682503,0.04287369640787949,0.023174971031286212,0.02433371958285052,0.030127462340672075,0.015063731170336037,0.19466975666280417,0.056778679026651215,0.027809965237543453,0.009269988412514484,0.3082271147161066,0.05098493626882966,0.030127462340672075,0.010428736964078795,0.0034762456546929316,0.004634994206257242,863
jump-03,0.0012626262626262627,0.027777777777777776,0.0845959595959596,0.0,0.0,0.0,0.011363636363636364,0.06944444444444445,0.31691919191919193,0.0,0.10479797979797979,0.02904040404040404,0.16287878787878787,0.09217171717171717,0.07702020202020202,0.022727272727272728,792
play-11,0.006648936170212766,0.0398936170212766,0.3151595744680851,0.022606382978723406,0.03324468085106383,0.04654255319148936,0.005319148936170213,0.006648936170212766,0.18085106382978725,0.0,0.24601063829787234,0.0625,0.018617021276595744,0.003989361702127659,0.0,0.011968085106382979,752
green-02,0.04419889502762431,0.04696132596685083,0.08149171270718232,0.026243093922651933,0.009668508287292817,0.03591160220994475,0.024861878453038673,0.04143646408839779,0.17541436464088397,0.0055248618784530384,0.25,0.04281767955801105,0.13397790055248618,0.04558011049723757,0.026243093922651933,0.009668508287292817,724
dress-01,0.026845637583892617,0.05704697986577181,0.13926174496644295,0.010067114093959731,0.016778523489932886,0.020134228187919462,0.020134228187919462,0.028523489932885907,0.19798657718120805,0.0,0.3238255033557047,0.04194630872483222,0.05704697986577181,0.028523489932885907,0.02348993288590604,0.008389261744966443,596
watch-01,0.05709342560553633,0.08131487889273356,0.10726643598615918,0.01730103806228374,0.0034602076124567475,0.00865051903114187,0.01903114186851211,0.04325259515570934,0.27162629757785467,0.0034602076124567475,0.22664359861591696,0.0328719723183391,0.05536332179930796,0.05709342560553633,0.01384083044982699,0.0017301038062283738,578
have-degree-91,0.09799554565701558,0.12694877505567928,0.05790645879732739,0.026726057906458798,0.015590200445434299,0.015590200445434299,0.017817371937639197,0.042316258351893093,0.111358574610245,0.0066815144766146995,0.29175946547884185,0.042316258351893093,0.06904231625835189,0.0645879732739421,0.0066815144766146995,0.0066815144766146995,449
perform-01,0.0022371364653243847,0.0022371364653243847,0.3691275167785235,0.013422818791946308,0.0044742729306487695,0.020134228187919462,0.011185682326621925,0.011185682326621925,0.2662192393736018,0.0,0.22595078299776286,0.017897091722595078,0.020134228187919462,0.017897091722595078,0.015659955257270694,0.0022371364653243847,447
near-02,0.01809954751131222,0.029411764705882353,0.027149321266968326,0.006787330316742082,0.006787330316742082,0.01809954751131222,0.038461538461538464,0.05656108597285068,0.13122171945701358,0.00904977375565611,0.29411764705882354,0.04072398190045249,0.09728506787330317,0.19683257918552036,0.02262443438914027,0.006787330316742082,442
have-rel-role-91,0.047619047619047616,0.15419501133786848,0.05668934240362812,0.034013605442176874,0.006802721088435374,0.047619047619047616,0.013605442176870748,0.07256235827664399,0.16326530612244897,0.0022675736961451248,0.1836734693877551,0.036281179138321996,0.08390022675736962,0.061224489795918366,0.02040816326530612,0.015873015873015872,441
smile-01,0.07838479809976247,0.21140142517814728,0.06413301662707839,0.06413301662707839,0.023752969121140142,0.05938242280285035,0.007125890736342043,0.057007125890736345,0.12114014251781473,0.0,0.10926365795724466,0.07125890736342043,0.07125890736342043,0.014251781472684086,0.026128266033254157,0.021377672209026127,421
talk-01,0.05925925925925926,0.07407407407407407,0.04197530864197531,0.03950617283950617,0.0024691358024691358,0.04691358024691358,0.02962962962962963,0.022222222222222223,0.07407407407407407,0.027160493827160494,0.4617283950617284,0.06172839506172839,0.027160493827160494,0.024691358024691357,0.007407407407407408,0.0,405
yellow-02,0.03937007874015748,0.06561679790026247,0.05249343832020997,0.005249343832020997,0.007874015748031496,0.02099737532808399,0.031496062992125984,0.047244094488188976,0.2099737532808399,0.0,0.28083989501312334,0.06561679790026247,0.07086614173228346,0.07874015748031496,0.02099737532808399,0.0026246719160104987,381
include-91,0.0398936170212766,0.05851063829787234,0.13297872340425532,0.02127659574468085,0.015957446808510637,0.03723404255319149,0.026595744680851064,0.031914893617021274,0.17553191489361702,0.010638297872340425,0.2632978723404255,0.0398936170212766,0.07180851063829788,0.05585106382978723,0.013297872340425532,0.005319148936170213,376
white-02,0.03504043126684636,0.08355795148247978,0.08086253369272237,0.01078167115902965,0.0026954177897574125,0.02425876010781671,0.01078167115902965,0.06199460916442048,0.14285714285714285,0.0,0.1509433962264151,0.04043126684636118,0.18598382749326145,0.1320754716981132,0.026954177897574125,0.01078167115902965,371
dance-01,0.008310249307479225,0.024930747922437674,0.5318559556786704,0.024930747922437674,0.0,0.036011080332409975,0.0110803324099723,0.008310249307479225,0.16066481994459833,0.0,0.13573407202216067,0.038781163434903045,0.01662049861495845,0.0,0.0,0.002770083102493075,361
pink-04,0.05325443786982249,0.10946745562130178,0.07396449704142012,0.005917159763313609,0.03550295857988166,0.005917159763313609,0.005917159763313609,0.023668639053254437,0.15088757396449703,0.011834319526627219,0.28402366863905326,0.05917159763313609,0.07100591715976332,0.05621301775147929,0.026627218934911243,0.026627218934911243,338
carry-01,0.02857142857142857,0.012698412698412698,0.006349206349206349,0.006349206349206349,0.015873015873015872,0.012698412698412698,0.025396825396825397,0.044444444444444446,0.07936507936507936,0.0031746031746031746,0.47619047619047616,0.031746031746031744,0.10158730158730159,0.10158730158730159,0.0380952380952381,0.015873015873015872,315
long-03,0.04234527687296417,0.0749185667752443,0.06188925081433225,0.013029315960912053,0.003257328990228013,0.035830618892508145,0.016286644951140065,0.035830618892508145,0.15960912052117263,0.003257328990228013,0.2671009771986971,0.06188925081433225,0.11726384364820847,0.0749185667752443,0.026058631921824105,0.006514657980456026,307
gray-02,0.08305647840531562,0.09966777408637874,0.046511627906976744,0.029900332225913623,0.013289036544850499,0.026578073089700997,0.009966777408637873,0.026578073089700997,0.12624584717607973,0.026578073089700997,0.3023255813953488,0.053156146179401995,0.09302325581395349,0.04983388704318937,0.009966777408637873,0.0033222591362126247,301
be-located-at-91,0.04,0.07,0.09666666666666666,0.02,0.013333333333333334,0.03333333333333333,0.03,0.02,0.17,0.0033333333333333335,0.21333333333333335,0.043333333333333335,0.04666666666666667,0.16333333333333333,0.03333333333333333,0.0033333333333333335,300
climb-01,0.013333333333333334,0.0033333333333333335,0.09,0.0,0.0,0.01,0.006666666666666667,0.006666666666666667,0.22666666666666666,0.0,0.06666666666666667,0.03,0.09666666666666666,0.04,0.4033333333333333,0.006666666666666667,300
black-05,0.05136986301369863,0.04794520547945205,0.04794520547945205,0.02054794520547945,0.0410958904109589,0.02054794520547945,0.017123287671232876,0.07534246575342465,0.15753424657534246,0.003424657534246575,0.24315068493150685,0.0547945205479452,0.13013698630136986,0.08561643835616438,0.003424657534246575,0.0,292
contrast-01,0.05944055944055944,0.10839160839160839,0.11188811188811189,0.038461538461538464,0.01048951048951049,0.01048951048951049,0.024475524475524476,0.08391608391608392,0.16783216783216784,0.02097902097902098,0.20279720279720279,0.04195804195804196,0.055944055944055944,0.04895104895104895,0.01048951048951049,0.0034965034965034965,286
pose-01,0.06690140845070422,0.1267605633802817,0.09859154929577464,0.03169014084507042,0.0035211267605633804,0.03873239436619718,0.01056338028169014,0.017605633802816902,0.06690140845070422,0.01056338028169014,0.22535211267605634,0.045774647887323945,0.13732394366197184,0.04929577464788732,0.056338028169014086,0.014084507042253521,284
read-01,0.12267657992565056,0.20074349442379183,0.011152416356877323,0.048327137546468404,0.06691449814126393,0.022304832713754646,0.03717472118959108,0.04460966542750929,0.09665427509293681,0.0,0.241635687732342,0.01858736059479554,0.07063197026022305,0.01486988847583643,0.0037174721189591076,0.0,269
photograph-01,0.019455252918287938,0.019455252918287938,0.06614785992217899,0.011673151750972763,0.019455252918287938,0.023346303501945526,0.0038910505836575876,0.023346303501945526,0.1556420233463035,0.019455252918287938,0.3657587548638132,0.07003891050583658,0.08171206225680934,0.09727626459143969,0.019455252918287938,0.0038910505836575876,257
dark-02,0.06584362139917696,0.06172839506172839,0.06995884773662552,0.04938271604938271,0.037037037037037035,0.037037037037037035,0.037037037037037035,0.04526748971193416,0.13991769547325103,0.00411522633744856,0.2674897119341564,0.05761316872427984,0.05761316872427984,0.02880658436213992,0.0205761316872428,0.0205761316872428,243
construct-01,0.016666666666666666,0.029166666666666667,0.0,0.008333333333333333,0.03333333333333333,0.0,0.3125,0.041666666666666664,0.004166666666666667,0.0,0.45416666666666666,0.0875,0.0125,0.0,0.0,0.0,240
stripe-01,0.06926406926406926,0.11688311688311688,0.09523809523809523,0.06060606060606061,0.004329004329004329,0.03896103896103896,0.008658008658008658,0.012987012987012988,0.11255411255411256,0.0,0.30735930735930733,0.06060606060606061,0.06493506493506493,0.008658008658008658,0.0,0.03896103896103896,231
swim-01,0.0,0.0,0.22510822510822512,0.0,0.0,0.0,0.0,0.017316017316017316,0.2943722943722944,0.0,0.004329004329004329,0.0,0.008658008658008658,0.45021645021645024,0.0,0.0,231
wait-01,0.030434782608695653,0.02608695652173913,0.034782608695652174,0.043478260869565216,0.17391304347826086,0.05217391304347826,0.021739130434782608,0.013043478260869565,0.11304347826086956,0.008695652173913044,0.41304347826086957,0.021739130434782608,0.021739130434782608,0.02608695652173913,0.0,0.0,230
use-01,0.17105263157894737,0.05263157894736842,0.043859649122807015,0.021929824561403508,0.021929824561403508,0.02631578947368421,0.07894736842105263,0.03070175438596491,0.07017543859649122,0.013157894736842105,0.27631578947368424,0.05701754385964912,0.05701754385964912,0.05263157894736842,0.02631578947368421,0.0,228
eat-01,0.009950248756218905,0.16417910447761194,0.004975124378109453,0.1691542288557214,0.024875621890547265,0.03482587064676617,0.0,0.07462686567164178,0.06467661691542288,0.06965174129353234,0.20398009950248755,0.0845771144278607,0.07960199004975124,0.0,0.004975124378109453,0.009950248756218905,201
gather-03,0.06532663316582915,0.04020100502512563,0.09547738693467336,0.05025125628140704,0.010050251256281407,0.03015075376884422,0.02512562814070352,0.02512562814070352,0.1306532663316583,0.02512562814070352,0.34673366834170855,0.04522613065326633,0.06532663316582915,0.020100502512562814,0.020100502512562814,0.005025125628140704,199
cover-02,0.030612244897959183,0.05612244897959184,0.05102040816326531,0.00510204081632653,0.01020408163265306,0.00510204081632653,0.02040816326530612,0.025510204081632654,0.11734693877551021,0.0,0.28061224489795916,0.04591836734693878,0.10204081632653061,0.03571428571428571,0.20408163265306123,0.01020408163265306,196
ski-01,0.0,0.0,0.005154639175257732,0.0,0.0,0.0,0.0,0.005154639175257732,0.07216494845360824,0.0,0.0,0.0,0.05154639175257732,0.020618556701030927,0.8350515463917526,0.010309278350515464,194
have-org-role-91,0.041666666666666664,0.020833333333333332,0.15104166666666666,0.03125,0.010416666666666666,0.010416666666666666,0.015625,0.036458333333333336,0.22395833333333334,0.0,0.359375,0.08854166666666667,0.005208333333333333,0.005208333333333333,0.0,0.0,192
try-01,0.02617801047120419,0.03664921465968586,0.13089005235602094,0.020942408376963352,0.005235602094240838,0.015706806282722512,0.005235602094240838,0.02617801047120419,0.3507853403141361,0.0,0.16230366492146597,0.015706806282722512,0.11518324607329843,0.06806282722513089,0.015706806282722512,0.005235602094240838,191
throw-01,0.005494505494505495,0.027472527472527472,0.14835164835164835,0.005494505494505495,0.0,0.0,0.0,0.038461538461538464,0.44505494505494503,0.01098901098901099,0.02197802197802198,0.005494505494505495,0.06043956043956044,0.21428571428571427,0.016483516483516484,0.0,182
brown-01,0.033707865168539325,0.07303370786516854,0.028089887640449437,0.011235955056179775,0.011235955056179775,0.016853932584269662,0.0056179775280898875,0.03932584269662921,0.11235955056179775,0.0,0.17415730337078653,0.056179775280898875,0.2696629213483146,0.1348314606741573,0.0,0.033707865168539325,178
race-02,0.0,0.0,0.10795454545454546,0.0,0.0,0.0,0.005681818181818182,0.0,0.48863636363636365,0.0,0.26136363636363635,0.005681818181818182,0.07954545454545454,0.045454545454545456,0.005681818181818182,0.0,176
sing-01,0.04046242774566474,0.005780346820809248,0.5838150289017341,0.017341040462427744,0.0,0.08670520231213873,0.0,0.0,0.1791907514450867,0.0,0.028901734104046242,0.03468208092485549,0.0,0.023121387283236993,0.0,0.0,173
group-01,0.05454545454545454,0.05454545454545454,0.16363636363636364,0.04242424242424243,0.0,0.048484848484848485,0.01818181818181818,0.0,0.10909090909090909,0.0,0.30303030303030304,0.048484848484848485,0.08484848484848485,0.06060606060606061,0.006060606060606061,0.006060606060606061,165
sleep-01,0.018633540372670808,0.2360248447204969,0.0,0.012422360248447204,0.2236024844720497,0.0,0.006211180124223602,0.006211180124223602,0.13664596273291926,0.031055900621118012,0.20496894409937888,0.049689440993788817,0.043478260869565216,0.024844720496894408,0.006211180124223602,0.0,161
lean-01,0.00625,0.0375,0.03125,0.0125,0.01875,0.01875,0.0625,0.03125,0.14375,0.00625,0.4125,0.09375,0.05625,0.0375,0.025,0.00625,160
blonde-02,0.04430379746835443,0.11392405063291139,0.06962025316455696,0.06329113924050633,0.012658227848101266,0.0379746835443038,0.012658227848101266,0.05063291139240506,0.17088607594936708,0.012658227848101266,0.2088607594936709,0.0379746835443038,0.0759493670886076,0.03164556962025317,0.012658227848101266,0.04430379746835443,158
drink-01,0.025477707006369428,0.12738853503184713,0.050955414012738856,0.2802547770700637,0.0,0.06369426751592357,0.0,0.06369426751592357,0.07643312101910828,0.025477707006369428,0.18471337579617833,0.07643312101910828,0.025477707006369428,0.0,0.0,0.0,157
lay-01,0.03184713375796178,0.2484076433121019,0.01910828025477707,0.006369426751592357,0.01910828025477707,0.025477707006369428,0.03184713375796178,0.044585987261146494,0.10191082802547771,0.0,0.17834394904458598,0.050955414012738856,0.10828025477707007,0.06369426751592357,0.006369426751592357,0.06369426751592357,157
look-02,0.04487179487179487,0.07692307692307693,0.14102564102564102,0.038461538461538464,0.00641025641025641,0.05128205128205128,0.03205128205128205,0.019230769230769232,0.1346153846153846,0.0,0.26282051282051283,0.07692307692307693,0.04487179487179487,0.057692307692307696,0.0,0.01282051282051282,156
skateboard-01,0.0,0.0,0.0967741935483871,0.0,0.0,0.0,0.01935483870967742,0.0064516129032258064,0.5419354838709678,0.0,0.3225806451612903,0.012903225806451613,0.0,0.0,0.0,0.0,155
cross-02,0.0,0.006578947368421052,0.0,0.0,0.0,0.0,0.0,0.006578947368421052,0.039473684210526314,0.0,0.8355263157894737,0.006578947368421052,0.006578947368421052,0.07236842105263158,0.02631578947368421,0.0,152
make-01,0.1390728476821192,0.17218543046357615,0.08609271523178808,0.09271523178807947,0.013245033112582781,0.033112582781456956,0.052980132450331126,0.006622516556291391,0.11920529801324503,0.013245033112582781,0.10596026490066225,0.026490066225165563,0.059602649006622516,0.033112582781456956,0.006622516556291391,0.039735099337748346,151
enjoy-01,0.020134228187919462,0.10067114093959731,0.08053691275167785,0.10067114093959731,0.006711409395973154,0.020134228187919462,0.006711409395973154,0.03355704697986577,0.1610738255033557,0.020134228187919462,0.14093959731543623,0.040268456375838924,0.09395973154362416,0.14093959731543623,0.013422818791946308,0.020134228187919462,149
surround-01,0.061224489795918366,0.061224489795918366,0.12244897959183673,0.013605442176870748,0.0,0.034013605442176874,0.04081632653061224,0.034013605442176874,0.1564625850340136,0.006802721088435374,0.23129251700680273,0.02040816326530612,0.11564625850340136,0.061224489795918366,0.034013605442176874,0.006802721088435374,147
surf-01,0.0,0.0,0.0,0.0,0.0,0.0,0.0,0.0,0.02142857142857143,0.0,0.0,0.0,0.0,0.9785714285714285,0.0,0.0,140
color-01,0.05714285714285714,0.05,0.09285714285714286,0.007142857142857143,0.02857142857142857,0.02142857142857143,0.02857142857142857,0.05714285714285714,0.12857142857142856,0.0,0.2714285714285714,0.05714285714285714,0.12857142857142856,0.07142857142857142,0.0,0.0,140
sell-01,0.11510791366906475,0.0,0.014388489208633094,0.02877697841726619,0.0,0.0,0.2733812949640288,0.03597122302158273,0.06474820143884892,0.007194244604316547,0.4460431654676259,0.014388489208633094,0.0,0.0,0.0,0.0,139
catch-01,0.0,0.0,0.021739130434782608,0.0,0.007246376811594203,0.0,0.014492753623188406,0.09420289855072464,0.32608695652173914,0.0,0.028985507246376812,0.057971014492753624,0.1956521739130435,0.21739130434782608,0.036231884057971016,0.0,138
push-01,0.0661764705882353,0.007352941176470588,0.029411764705882353,0.0,0.0,0.0,0.0661764705882353,0.058823529411764705,0.11029411764705882,0.014705882352941176,0.5220588235294118,0.0661764705882353,0.051470588235294115,0.007352941176470588,0.0,0.0,136
fly-01,0.029850746268656716,0.007462686567164179,0.029850746268656716,0.0,0.022388059701492536,0.0,0.007462686567164179,0.007462686567164179,0.1791044776119403,0.0,0.11940298507462686,0.05970149253731343,0.15671641791044777,0.26865671641791045,0.08208955223880597,0.029850746268656716,134
busy-02,0.0,0.007518796992481203,0.0,0.022556390977443608,0.045112781954887216,0.0,0.045112781954887216,0.0,0.03007518796992481,0.0,0.8270676691729323,0.015037593984962405,0.0,0.007518796992481203,0.0,0.0,133
shop-01,0.35384615384615387,0.007692307692307693,0.0,0.015384615384615385,0.015384615384615385,0.015384615384615385,0.16923076923076924,0.0,0.023076923076923078,0.007692307692307693,0.38461538461538464,0.0,0.0,0.0,0.007692307692307693,0.0,130
bright-02,0.023622047244094488,0.03937007874015748,0.05511811023622047,0.007874015748031496,0.015748031496062992,0.031496062992125984,0.007874015748031496,0.05511811023622047,0.1732283464566929,0.0,0.36220472440944884,0.10236220472440945,0.015748031496062992,0.047244094488188976,0.03937007874015748,0.023622047244094488,127
open-01,0.06299212598425197,0.28346456692913385,0.007874015748031496,0.03937007874015748,0.023622047244094488,0.031496062992125984,0.023622047244094488,0.06299212598425197,0.08661417322834646,0.015748031496062992,0.12598425196850394,0.007874015748031496,0.11023622047244094,0.05511811023622047,0.015748031496062992,0.047244094488188976,127
compete-01,0.007936507936507936,0.0,0.2698412698412698,0.0,0.0,0.0,0.0,0.0,0.5396825396825397,0.0,0.07936507936507936,0.007936507936507936,0.05555555555555555,0.023809523809523808,0.015873015873015872,0.0,126
do-02,0.016,0.072,0.12,0.008,0.008,0.016,0.048,0.04,0.368,0.016,0.152,0.024,0.048,0.016,0.032,0.016,125
pull-01,0.0,0.03225806451612903,0.008064516129032258,0.0,0.024193548387096774,0.03225806451612903,0.008064516129032258,0.0,0.11290322580645161,0.0,0.43548387096774194,0.008064516129032258,0.1532258064516129,0.14516129032258066,0.03225806451612903,0.008064516129032258,124
drive-01,0.024390243902439025,0.0,0.024390243902439025,0.0,0.016260162601626018,0.0,0.024390243902439025,0.0,0.08130081300813008,0.008130081300813009,0.7235772357723578,0.024390243902439025,0.04065040650406504,0.024390243902439025,0.008130081300813009,0.0,123
speak-01,0.2540983606557377,0.02459016393442623,0.09836065573770492,0.02459016393442623,0.00819672131147541,0.14754098360655737,0.05737704918032787,0.00819672131147541,0.13114754098360656,0.0,0.16393442622950818,0.07377049180327869,0.00819672131147541,0.0,0.0,0.0,122
kick-01,0.0,0.0,0.1694915254237288,0.0,0.0,0.0,0.0,0.0423728813559322,0.5338983050847458,0.0,0.0423728813559322,0.0,0.1271186440677966,0.0847457627118644,0.0,0.0,118
paint-02,0.09401709401709402,0.07692307692307693,0.008547008547008548,0.0,0.0,0.06837606837606838,0.05128205128205128,0.03418803418803419,0.042735042735042736,0.0,0.47863247863247865,0.10256410256410256,0.008547008547008548,0.0,0.0,0.03418803418803419,117
high-02,0.017857142857142856,0.03571428571428571,0.08928571428571429,0.0,0.0,0.008928571428571428,0.026785714285714284,0.044642857142857144,0.20535714285714285,0.0,0.22321428571428573,0.044642857142857144,0.044642857142857144,0.08035714285714286,0.14285714285714285,0.03571428571428571,112
laugh-01,0.09009009009009009,0.2882882882882883,0.08108108108108109,0.06306306306306306,0.009009009009009009,0.0,0.0,0.036036036036036036,0.09009009009009009,0.0,0.10810810810810811,0.16216216216216217,0.009009009009009009,0.04504504504504504,0.0,0.018018018018018018,111
appear-02,0.11214953271028037,0.06542056074766354,0.11214953271028037,0.009345794392523364,0.028037383177570093,0.018691588785046728,0.037383177570093455,0.06542056074766354,0.14018691588785046,0.0,0.2616822429906542,0.028037383177570093,0.07476635514018691,0.018691588785046728,0.018691588785046728,0.009345794392523364,107
skate-01,0.0,0.0,0.5327102803738317,0.0,0.0,0.0,0.0,0.0,0.29906542056074764,0.0,0.09345794392523364,0.037383177570093455,0.0,0.018691588785046728,0.018691588785046728,0.0,107
purple-02,0.03773584905660377,0.09433962264150944,0.03773584905660377,0.0,0.009433962264150943,0.009433962264150943,0.0,0.05660377358490566,0.1509433962264151,0.0,0.3113207547169811,0.08490566037735849,0.09433962264150944,0.0660377358490566,0.02830188679245283,0.018867924528301886,106
prepare-02,0.06930693069306931,0.039603960396039604,0.1782178217821782,0.019801980198019802,0.0,0.0,0.0,0.019801980198019802,0.2871287128712871,0.0,0.12871287128712872,0.0297029702970297,0.04950495049504951,0.1188118811881188,0.04950495049504951,0.009900990099009901,101
fill-01,0.1414141414141414,0.10101010101010101,0.050505050505050504,0.030303030303030304,0.020202020202020204,0.020202020202020204,0.04040404040404041,0.030303030303030304,0.0707070707070707,0.030303030303030304,0.35353535353535354,0.010101010101010102,0.06060606060606061,0.020202020202020204,0.020202020202020204,0.0,99
go-02,0.0,0.010101010101010102,0.06060606060606061,0.0,0.010101010101010102,0.0,0.020202020202020204,0.020202020202020204,0.21212121212121213,0.0,0.31313131313131315,0.020202020202020204,0.06060606060606061,0.09090909090909091,0.18181818181818182,0.0,99
hit-01,0.01020408163265306,0.0,0.11224489795918367,0.0,0.0,0.02040816326530612,0.0,0.04081632653061224,0.7244897959183674,0.0,0.02040816326530612,0.0,0.04081632653061224,0.030612244897959183,0.0,0.0,98
ready-01,0.04081632653061224,0.05102040816326531,0.17346938775510204,0.0,0.030612244897959183,0.01020408163265306,0.01020408163265306,0.02040816326530612,0.3469387755102041,0.0,0.09183673469387756,0.030612244897959183,0.04081632653061224,0.11224489795918367,0.04081632653061224,0.0,98
fight-01,0.0,0.010309278350515464,0.3402061855670103,0.0,0.0,0.041237113402061855,0.010309278350515464,0.020618556701030927,0.10309278350515463,0.0,0.24742268041237114,0.09278350515463918,0.061855670103092786,0.061855670103092786,0.0,0.010309278350515464,97
tan-02,0.020833333333333332,0.09375,0.03125,0.010416666666666666,0.020833333333333332,0.020833333333333332,0.010416666666666666,0.09375,0.07291666666666667,0.0,0.22916666666666666,0.0625,0.15625,0.13541666666666666,0.0,0.041666666666666664,96
cook-01,0.010638297872340425,0.26595744680851063,0.0,0.2127659574468085,0.0,0.010638297872340425,0.0,0.13829787234042554,0.06382978723404255,0.13829787234042554,0.02127659574468085,0.031914893617021274,0.10638297872340426,0.0,0.0,0.0,94
hang-01,0.07608695652173914,0.05434782608695652,0.05434782608695652,0.010869565217391304,0.0,0.010869565217391304,0.06521739130434782,0.15217391304347827,0.13043478260869565,0.0,0.15217391304347827,0.021739130434782608,0.08695652173913043,0.09782608695652174,0.043478260869565216,0.043478260869565216,92
show-01,0.0989010989010989,0.10989010989010989,0.0989010989010989,0.02197802197802198,0.0,0.03296703296703297,0.01098901098901099,0.08791208791208792,0.15384615384615385,0.0,0.1978021978021978,0.03296703296703297,0.03296703296703297,0.07692307692307693,0.02197802197802198,0.02197802197802198,91
cut-01,0.23333333333333334,0.18888888888888888,0.0,0.1,0.0,0.13333333333333333,0.07777777777777778,0.03333333333333333,0.022222222222222223,0.0,0.044444444444444446,0.06666666666666667,0.05555555555555555,0.03333333333333333,0.011111111111111112,0.0,90
bike-01,0.0,0.0,0.06741573033707865,0.0,0.0,0.0,0.0,0.0,0.21348314606741572,0.0,0.48314606741573035,0.0,0.14606741573033707,0.0449438202247191,0.0449438202247191,0.0,89
brown-02,0.056818181818181816,0.125,0.0,0.022727272727272728,0.0,0.03409090909090909,0.011363636363636364,0.022727272727272728,0.125,0.0,0.125,0.07954545454545454,0.19318181818181818,0.18181818181818182,0.011363636363636364,0.011363636363636364,88
short-07,0.056818181818181816,0.056818181818181816,0.056818181818181816,0.022727272727272728,0.011363636363636364,0.022727272727272728,0.011363636363636364,0.011363636363636364,0.07954545454545454,0.0,0.3977272727272727,0.11363636363636363,0.045454545454545456,0.03409090909090909,0.06818181818181818,0.011363636363636364,88
park-01,0.0,0.0,0.011363636363636364,0.0,0.0,0.0,0.022727272727272728,0.0,0.06818181818181818,0.0,0.8068181818181818,0.056818181818181816,0.022727272727272728,0.011363636363636364,0.0,0.0,88
sit-down-02,0.08045977011494253,0.10344827586206896,0.06896551724137931,0.034482758620689655,0.04597701149425287,0.05747126436781609,0.04597701149425287,0.034482758620689655,0.10344827586206896,0.022988505747126436,0.2413793103448276,0.06896551724137931,0.05747126436781609,0.034482758620689655,0.0,0.0,87
point-01,0.09195402298850575,0.09195402298850575,0.11494252873563218,0.011494252873563218,0.0,0.04597701149425287,0.06896551724137931,0.04597701149425287,0.1839080459770115,0.0,0.1839080459770115,0.011494252873563218,0.06896551724137931,0.08045977011494253,0.0,0.0,87
attempt-01,0.023255813953488372,0.03488372093023256,0.18604651162790697,0.0,0.011627906976744186,0.023255813953488372,0.0,0.011627906976744186,0.3023255813953488,0.0,0.1511627906976744,0.011627906976744186,0.06976744186046512,0.09302325581395349,0.05813953488372093,0.023255813953488372,86
stop-01,0.011764705882352941,0.0,0.03529411764705882,0.03529411764705882,0.058823529411764705,0.011764705882352941,0.0,0.0,0.09411764705882353,0.0,0.6,0.03529411764705882,0.09411764705882353,0.011764705882352941,0.011764705882352941,0.0,85
see-01,0.11904761904761904,0.07142857142857142,0.08333333333333333,0.0,0.011904761904761904,0.011904761904761904,0.0,0.03571428571428571,0.16666666666666666,0.023809523809523808,0.25,0.05952380952380952,0.011904761904761904,0.09523809523809523,0.047619047619047616,0.011904761904761904,84
study-01,0.3048780487804878,0.04878048780487805,0.21951219512195122,0.08536585365853659,0.0,0.06097560975609756,0.012195121951219513,0.024390243902439025,0.04878048780487805,0.0,0.13414634146341464,0.024390243902439025,0.012195121951219513,0.024390243902439025,0.0,0.0,82
view-01,0.036585365853658534,0.0975609756097561,0.0975609756097561,0.0,0.0,0.036585365853658534,0.0,0.036585365853658534,0.10975609756097561,0.024390243902439025,0.3170731707317073,0.06097560975609756,0.024390243902439025,0.04878048780487805,0.10975609756097561,0.0,82
full-09,0.16049382716049382,0.12345679012345678,0.08641975308641975,0.024691358024691357,0.012345679012345678,0.012345679012345678,0.06172839506172839,0.0,0.06172839506172839,0.0,0.345679012345679,0.0,0.037037037037037035,0.037037037037037035,0.037037037037037035,0.0,81
hike-01,0.0,0.0,0.0,0.0,0.0,0.0,0.0,0.012658227848101266,0.06329113924050633,0.0,0.02531645569620253,0.0,0.22784810126582278,0.12658227848101267,0.5443037974683544,0.0,79
take-01,0.0759493670886076,0.11392405063291139,0.06329113924050633,0.0379746835443038,0.02531645569620253,0.0,0.0,0.0,0.11392405063291139,0.0,0.3037974683544304,0.06329113924050633,0.0759493670886076,0.10126582278481013,0.02531645569620253,0.0,79
write-01,0.32051282051282054,0.0641025641025641,0.02564102564102564,0.0,0.038461538461538464,0.02564102564102564,0.07692307692307693,0.0,0.038461538461538464,0.05128205128205128,0.20512820512820512,0.10256410256410256,0.038461538461538464,0.01282051282051282,0.0,0.0,78
crowd-01,0.038461538461538464,0.01282051282051282,0.05128205128205128,0.0641025641025641,0.07692307692307693,0.0,0.038461538461538464,0.01282051282051282,0.05128205128205128,0.01282051282051282,0.6282051282051282,0.0,0.0,0.01282051282051282,0.0,0.0,78
fish-01,0.0,0.0,0.0,0.0,0.0,0.0,0.025974025974025976,0.0,0.012987012987012988,0.0,0.07792207792207792,0.025974025974025976,0.0,0.8571428571428571,0.0,0.0,77
beautiful-02,0.013157894736842105,0.039473684210526314,0.06578947368421052,0.02631578947368421,0.0,0.0,0.0,0.013157894736842105,0.17105263157894737,0.0,0.18421052631578946,0.06578947368421052,0.09210526315789473,0.25,0.06578947368421052,0.013157894736842105,76
possible-01,0.06578947368421052,0.013157894736842105,0.05263157894736842,0.0,0.0,0.0,0.039473684210526314,0.07894736842105263,0.2236842105263158,0.0,0.3026315789473684,0.039473684210526314,0.07894736842105263,0.09210526315789473,0.013157894736842105,0.0,76
help-01,0.10526315789473684,0.07894736842105263,0.05263157894736842,0.02631578947368421,0.0,0.05263157894736842,0.02631578947368421,0.02631578947368421,0.05263157894736842,0.0,0.32894736842105265,0.02631578947368421,0.05263157894736842,0.09210526315789473,0.07894736842105263,0.0,76
rain-01,0.0,0.0,0.0,0.0,0.013157894736842105,0.0,0.10526315789473684,0.0,0.06578947368421052,0.013157894736842105,0.7105263157894737,0.0,0.02631578947368421,0.06578947368421052,0.0,0.0,76
up-03,0.013513513513513514,0.013513513513513514,0.013513513513513514,0.0,0.013513513513513514,0.02702702702702703,0.013513513513513514,0.013513513513513514,0.21621621621621623,0.0,0.25675675675675674,0.05405405405405406,0.0945945945945946,0.05405405405405406,0.21621621621621623,0.0,74
blow-01,0.05405405405405406,0.13513513513513514,0.013513513513513514,0.02702702702702703,0.0,0.04054054054054054,0.05405405405405406,0.0,0.0945945945945946,0.0,0.13513513513513514,0.0,0.24324324324324326,0.06756756756756757,0.013513513513513514,0.12162162162162163,74
move-01,0.0,0.041666666666666664,0.1527777777777778,0.013888888888888888,0.06944444444444445,0.0,0.013888888888888888,0.013888888888888888,0.18055555555555555,0.0,0.2916666666666667,0.0,0.08333333333333333,0.06944444444444445,0.06944444444444445,0.0,72
vend-01,0.041666666666666664,0.0,0.0,0.041666666666666664,0.0,0.0,0.18055555555555555,0.013888888888888888,0.06944444444444445,0.06944444444444445,0.5416666666666666,0.0,0.0,0.027777777777777776,0.0,0.013888888888888888,72
swing-02,0.0,0.028169014084507043,0.04225352112676056,0.0,0.0,0.028169014084507043,0.0,0.09859154929577464,0.6901408450704225,0.0,0.0,0.028169014084507043,0.07042253521126761,0.014084507042253521,0.0,0.0,71
kneel-01,0.0,0.056338028169014086,0.16901408450704225,0.014084507042253521,0.014084507042253521,0.028169014084507043,0.014084507042253521,0.028169014084507043,0.1267605633802817,0.0,0.2535211267605634,0.028169014084507043,0.08450704225352113,0.15492957746478872,0.028169014084507043,0.0,71
right-04,0.014084507042253521,0.11267605633802817,0.16901408450704225,0.014084507042253521,0.014084507042253521,0.028169014084507043,0.028169014084507043,0.014084507042253521,0.16901408450704225,0.0,0.23943661971830985,0.09859154929577464,0.028169014084507043,0.028169014084507043,0.014084507042253521,0.028169014084507043,71
dive-01,0.028169014084507043,0.014084507042253521,0.028169014084507043,0.0,0.0,0.0,0.0,0.014084507042253521,0.4225352112676056,0.0,0.056338028169014086,0.0,0.014084507042253521,0.4084507042253521,0.0,0.014084507042253521,71
splash-01,0.0,0.0,0.11428571428571428,0.0,0.0,0.0,0.014285714285714285,0.0,0.14285714285714285,0.0,0.02857142857142857,0.0,0.08571428571428572,0.6142857142857143,0.0,0.0,70
display-01,0.12857142857142856,0.04285714285714286,0.07142857142857142,0.08571428571428572,0.014285714285714285,0.04285714285714286,0.1,0.0,0.05714285714285714,0.02857142857142857,0.34285714285714286,0.05714285714285714,0.0,0.014285714285714285,0.0,0.014285714285714285,70
prepare-01,0.05714285714285714,0.2714285714285714,0.02857142857142857,0.3142857142857143,0.0,0.0,0.02857142857142857,0.08571428571428572,0.0,0.1,0.08571428571428572,0.014285714285714285,0.0,0.014285714285714285,0.0,0.0,70
leap-01,0.0,0.028985507246376812,0.10144927536231885,0.0,0.0,0.0,0.028985507246376812,0.014492753623188406,0.3188405797101449,0.0,0.07246376811594203,0.028985507246376812,0.30434782608695654,0.057971014492753624,0.043478260869565216,0.0,69
pass-by-17,0.0,0.0,0.014492753623188406,0.0,0.028985507246376812,0.0,0.014492753623188406,0.0,0.028985507246376812,0.014492753623188406,0.855072463768116,0.0,0.014492753623188406,0.028985507246376812,0.0,0.0,69
public-02,0.0,0.0,0.014492753623188406,0.0,0.13043478260869565,0.0,0.014492753623188406,0.0,0.18840579710144928,0.0,0.5652173913043478,0.057971014492753624,0.028985507246376812,0.0,0.0,0.0,69
jog-01,0.0,0.0,0.0,0.0,0.0,0.0,0.0,0.0,0.25,0.0,0.5735294117647058,0.029411764705882353,0.07352941176470588,0.058823529411764705,0.0,0.014705882352941176,68
stare-01,0.014705882352941176,0.16176470588235295,0.029411764705882353,0.014705882352941176,0.014705882352941176,0.07352941176470588,0.0,0.08823529411764706,0.07352941176470588,0.0,0.27941176470588236,0.08823529411764706,0.029411764705882353,0.10294117647058823,0.0,0.029411764705882353,68
slide-01,0.0,0.0,0.07352941176470588,0.0,0.0,0.0,0.0,0.014705882352941176,0.7205882352941176,0.0,0.04411764705882353,0.0,0.014705882352941176,0.04411764705882353,0.058823529411764705,0.029411764705882353,68
smoke-02,0.014705882352941176,0.014705882352941176,0.0,0.014705882352941176,0.058823529411764705,0.17647058823529413,0.014705882352941176,0.0,0.10294117647058823,0.04411764705882353,0.45588235294117646,0.08823529411764706,0.0,0.014705882352941176,0.0,0.0,68
fall-01,0.014925373134328358,0.04477611940298507,0.05970149253731343,0.0,0.0,0.0,0.029850746268656716,0.029850746268656716,0.31343283582089554,0.014925373134328358,0.11940298507462686,0.014925373134328358,0.13432835820895522,0.13432835820895522,0.04477611940298507,0.04477611940298507,67
say-01,0.1044776119402985,0.0,0.1044776119402985,0.014925373134328358,0.0,0.05970149253731343,0.014925373134328358,0.029850746268656716,0.029850746268656716,0.0,0.44776119402985076,0.04477611940298507,0.07462686567164178,0.04477611940298507,0.014925373134328358,0.014925373134328358,67
clean-01,0.16417910447761194,0.19402985074626866,0.014925373134328358,0.0,0.014925373134328358,0.014925373134328358,0.07462686567164178,0.08955223880597014,0.1044776119402985,0.014925373134328358,0.208955223880597,0.1044776119402985,0.0,0.0,0.0,0.0,67
oppose-01,0.0,0.0,0.3333333333333333,0.0,0.0,0.0,0.0,0.0,0.6060606060606061,0.0,0.030303030303030304,0.015151515151515152,0.015151515151515152,0.0,0.0,0.0,66
practice-01,0.015151515151515152,0.015151515151515152,0.4393939393939394,0.0,0.0,0.0,0.0,0.045454545454545456,0.22727272727272727,0.0,0.10606060606060606,0.045454545454545456,0.045454545454545456,0.06060606060606061,0.0,0.0,66
swing-01,0.0,0.0,0.015151515151515152,0.0,0.0,0.0,0.0,0.0,0.8333333333333334,0.0,0.0,0.0,0.12121212121212122,0.030303030303030304,0.0,0.0,66
turn-01,0.015384615384615385,0.015384615384615385,0.07692307692307693,0.015384615384615385,0.0,0.03076923076923077,0.0,0.015384615384615385,0.15384615384615385,0.0,0.49230769230769234,0.0,0.06153846153846154,0.07692307692307693,0.046153846153846156,0.0,65
lie-07,0.09230769230769231,0.26153846153846155,0.015384615384615385,0.0,0.0,0.06153846153846154,0.0,0.06153846153846154,0.06153846153846154,0.0,0.15384615384615385,0.06153846153846154,0.16923076923076924,0.03076923076923077,0.03076923076923077,0.0,65
put-01,0.09375,0.140625,0.03125,0.078125,0.015625,0.09375,0.03125,0.03125,0.125,0.015625,0.1875,0.015625,0.0625,0.078125,0.0,0.0,64
raise-01,0.140625,0.125,0.203125,0.015625,0.0,0.0,0.0,0.046875,0.140625,0.0,0.21875,0.046875,0.0,0.046875,0.0,0.015625,64
face-01,0.03125,0.015625,0.15625,0.0,0.09375,0.03125,0.015625,0.015625,0.140625,0.015625,0.15625,0.0625,0.109375,0.109375,0.03125,0.015625,64
parade-02,0.0,0.0,0.0,0.0,0.0,0.0,0.0,0.0,0.046875,0.0,0.890625,0.0625,0.0,0.0,0.0,0.0,64
bend-01,0.015873015873015872,0.031746031746031744,0.19047619047619047,0.0,0.015873015873015872,0.015873015873015872,0.06349206349206349,0.0,0.09523809523809523,0.0,0.3333333333333333,0.015873015873015872,0.1111111111111111,0.07936507936507936,0.015873015873015872,0.015873015873015872,63
chase-01,0.0,0.016129032258064516,0.03225806451612903,0.0,0.0,0.0,0.016129032258064516,0.1935483870967742,0.2903225806451613,0.0,0.03225806451612903,0.04838709677419355,0.3225806451612903,0.04838709677419355,0.0,0.0,62
converse-01,0.04838709677419355,0.04838709677419355,0.03225806451612903,0.11290322580645161,0.016129032258064516,0.04838709677419355,0.06451612903225806,0.06451612903225806,0.14516129032258066,0.04838709677419355,0.3064516129032258,0.016129032258064516,0.016129032258064516,0.03225806451612903,0.0,0.0,62
safe-01,0.11290322580645161,0.016129032258064516,0.06451612903225806,0.0,0.03225806451612903,0.0,0.1935483870967742,0.0,0.04838709677419355,0.0,0.3870967741935484,0.03225806451612903,0.04838709677419355,0.03225806451612903,0.03225806451612903,0.0,62
reach-03,0.04838709677419355,0.1774193548387097,0.11290322580645161,0.0,0.0,0.0,0.0967741935483871,0.03225806451612903,0.12903225806451613,0.016129032258064516,0.20967741935483872,0.08064516129032258,0.04838709677419355,0.04838709677419355,0.0,0.0,62
wave-01,0.0,0.04838709677419355,0.11290322580645161,0.0,0.016129032258064516,0.08064516129032258,0.0,0.0,0.1935483870967742,0.0,0.1774193548387097,0.1774193548387097,0.12903225806451613,0.06451612903225806,0.0,0.0,62
resemble-01,0.06557377049180328,0.08196721311475409,0.08196721311475409,0.01639344262295082,0.03278688524590164,0.03278688524590164,0.0,0.0,0.19672131147540983,0.0,0.29508196721311475,0.06557377049180328,0.04918032786885246,0.04918032786885246,0.01639344262295082,0.01639344262295082,61
kiss-01,0.0,0.06557377049180328,0.09836065573770492,0.0,0.0,0.09836065573770492,0.0,0.01639344262295082,0.0,0.0,0.22950819672131148,0.16393442622950818,0.26229508196721313,0.0,0.0,0.06557377049180328,61
examine-01,0.38333333333333336,0.08333333333333333,0.05,0.03333333333333333,0.0,0.03333333333333333,0.016666666666666666,0.03333333333333333,0.05,0.03333333333333333,0.15,0.016666666666666666,0.05,0.0,0.0,0.06666666666666667,60
cycle-01,0.0,0.0,0.1016949152542373,0.0,0.0,0.0,0.0,0.0,0.2033898305084746,0.0,0.4915254237288136,0.0,0.15254237288135594,0.0,0.05084745762711865,0.0,59
left-20,0.0847457627118644,0.0847457627118644,0.13559322033898305,0.06779661016949153,0.0,0.01694915254237288,0.01694915254237288,0.01694915254237288,0.06779661016949153,0.03389830508474576,0.2711864406779661,0.0847457627118644,0.06779661016949153,0.05084745762711865,0.0,0.0,59
listen-01,0.2033898305084746,0.06779661016949153,0.06779661016949153,0.06779661016949153,0.05084745762711865,0.03389830508474576,0.03389830508474576,0.01694915254237288,0.15254237288135594,0.01694915254237288,0.23728813559322035,0.05084745762711865,0.0,0.0,0.0,0.0,59
crouch-01,0.017241379310344827,0.034482758620689655,0.10344827586206896,0.017241379310344827,0.0,0.034482758620689655,0.0,0.034482758620689655,0.27586206896551724,0.0,0.20689655172413793,0.05172413793103448,0.06896551724137931,0.06896551724137931,0.06896551724137931,0.017241379310344827,58
pour-01,0.05172413793103448,0.20689655172413793,0.0,0.27586206896551724,0.05172413793103448,0.0,0.017241379310344827,0.05172413793103448,0.05172413793103448,0.0,0.13793103448275862,0.10344827586206896,0.05172413793103448,0.0,0.0,0.0,58
wed-01,0.017241379310344827,0.1724137931034483,0.10344827586206896,0.0,0.0,0.06896551724137931,0.0,0.06896551724137931,0.29310344827586204,0.0,0.06896551724137931,0.1724137931034483,0.034482758620689655,0.0,0.0,0.0,58
seat-01,0.08771929824561403,0.17543859649122806,0.08771929824561403,0.03508771929824561,0.03508771929824561,0.03508771929824561,0.0,0.017543859649122806,0.17543859649122806,0.05263157894736842,0.21052631578947367,0.017543859649122806,0.07017543859649122,0.0,0.0,0.0,57
distant-02,0.0,0.0,0.017857142857142856,0.0,0.017857142857142856,0.017857142857142856,0.017857142857142856,0.017857142857142856,0.16071428571428573,0.0,0.2857142857142857,0.05357142857142857,0.16071428571428573,0.16071428571428573,0.08928571428571429,0.0,56
wash-01,0.05454545454545454,0.38181818181818183,0.0,0.0,0.0,0.09090909090909091,0.07272727272727272,0.01818181818181818,0.0,0.0,0.21818181818181817,0.14545454545454545,0.0,0.01818181818181818,0.0,0.0,55
sweep-01,0.0,0.05555555555555555,0.05555555555555555,0.0,0.0,0.0,0.0,0.24074074074074073,0.05555555555555555,0.0,0.5,0.09259259259259259,0.0,0.0,0.0,0.0,54
fix-02,0.09259259259259259,0.037037037037037035,0.07407407407407407,0.0,0.018518518518518517,0.037037037037037035,0.1111111111111111,0.14814814814814814,0.018518518518518517,0.0,0.24074074074074073,0.07407407407407407,0.14814814814814814,0.0,0.0,0.0,54
trick-01,0.0,0.0,0.1111111111111111,0.0,0.0,0.0,0.0,0.018518518518518517,0.6296296296296297,0.0,0.18518518518518517,0.018518518518518517,0.0,0.0,0.037037037037037035,0.0,54
roll-01,0.03773584905660377,0.07547169811320754,0.1509433962264151,0.0,0.0,0.07547169811320754,0.0,0.0,0.11320754716981132,0.0,0.2830188679245283,0.018867924528301886,0.20754716981132076,0.018867924528301886,0.0,0.018867924528301886,53
new-01,0.16981132075471697,0.3018867924528302,0.03773584905660377,0.0,0.0,0.16981132075471697,0.03773584905660377,0.03773584905660377,0.07547169811320754,0.0,0.09433962264150944,0.0,0.018867924528301886,0.03773584905660377,0.018867924528301886,0.0,53
yellow-01,0.0,0.09803921568627451,0.09803921568627451,0.0,0.0196078431372549,0.0392156862745098,0.0392156862745098,0.0392156862745098,0.17647058823529413,0.0,0.19607843137254902,0.058823529411764705,0.0392156862745098,0.13725490196078433,0.058823529411764705,0.0,51
board-03,0.0,0.0,0.0,0.0,0.0,0.0,0.0,0.0,0.2549019607843137,0.0,0.0,0.0,0.0196078431372549,0.058823529411764705,0.6666666666666666,0.0,51
clothe-01,0.04,0.06,0.06,0.02,0.02,0.06,0.0,0.0,0.2,0.02,0.28,0.1,0.0,0.1,0.02,0.02,50
differ-02,0.08,0.06,0.12,0.02,0.0,0.04,0.12,0.02,0.14,0.0,0.22,0.06,0.1,0.02,0.0,0.0,50
uniform-01,0.02,0.0,0.1,0.02,0.0,0.0,0.08,0.0,0.38,0.0,0.28,0.06,0.02,0.02,0.02,0.0,50
participate-01,0.04081632653061224,0.0,0.2857142857142857,0.0,0.0,0.0,0.0,0.0,0.2857142857142857,0.0,0.30612244897959184,0.0,0.061224489795918366,0.02040816326530612,0.0,0.0,49
golf-01,0.0,0.0,0.0,0.0,0.0,0.0,0.0,0.0,0.8775510204081632,0.0,0.061224489795918366,0.0,0.061224489795918366,0.0,0.0,0.0,49
relax-01,0.02040816326530612,0.10204081632653061,0.0,0.02040816326530612,0.02040816326530612,0.08163265306122448,0.0,0.10204081632653061,0.22448979591836735,0.0,0.16326530612244897,0.0,0.16326530612244897,0.061224489795918366,0.02040816326530612,0.02040816326530612,49
flip-01,0.0,0.02040816326530612,0.14285714285714285,0.02040816326530612,0.0,0.0,0.02040816326530612,0.02040816326530612,0.08163265306122448,0.0,0.20408163265306123,0.04081632653061224,0.16326530612244897,0.16326530612244897,0.061224489795918366,0.061224489795918366,49
bowl-01,0.0,0.0,0.9583333333333334,0.0,0.0,0.0,0.0,0.0,0.041666666666666664,0.0,0.0,0.0,0.0,0.0,0.0,0.0,48
rest-01,0.0625,0.10416666666666667,0.020833333333333332,0.020833333333333332,0.020833333333333332,0.020833333333333332,0.0,0.0,0.041666666666666664,0.0,0.22916666666666666,0.08333333333333333,0.10416666666666667,0.10416666666666667,0.16666666666666666,0.020833333333333332,48
overlook-01,0.0,0.020833333333333332,0.0,0.0,0.0,0.020833333333333332,0.020833333333333332,0.0,0.10416666666666667,0.0,0.25,0.020833333333333332,0.041666666666666664,0.22916666666666666,0.2916666666666667,0.0,48
light-04,0.041666666666666664,0.20833333333333334,0.2708333333333333,0.041666666666666664,0.041666666666666664,0.0625,0.0,0.0,0.0625,0.0,0.0625,0.125,0.041666666666666664,0.041666666666666664,0.0,0.0,48
light-07,0.041666666666666664,0.14583333333333334,0.14583333333333334,0.020833333333333332,0.020833333333333332,0.041666666666666664,0.0625,0.041666666666666664,0.10416666666666667,0.0,0.16666666666666666,0.0,0.14583333333333334,0.0625,0.0,0.0,48
decorate-01,0.0,0.23404255319148937,0.06382978723404255,0.02127659574468085,0.02127659574468085,0.02127659574468085,0.0,0.02127659574468085,0.19148936170212766,0.0,0.3191489361702128,0.0851063829787234,0.02127659574468085,0.0,0.0,0.0,47
get-01,0.13333333333333333,0.022222222222222223,0.022222222222222223,0.022222222222222223,0.044444444444444446,0.0,0.022222222222222223,0.06666666666666667,0.3111111111111111,0.0,0.2222222222222222,0.0,0.08888888888888889,0.022222222222222223,0.022222222222222223,0.0,45
wet-01,0.0,0.044444444444444446,0.0,0.0,0.0,0.0,0.0,0.0,0.24444444444444444,0.0,0.15555555555555556,0.022222222222222223,0.08888888888888889,0.4444444444444444,0.0,0.0,45
close-10,0.022727272727272728,0.045454545454545456,0.09090909090909091,0.022727272727272728,0.0,0.11363636363636363,0.06818181818181818,0.0,0.22727272727272727,0.0,0.2727272727272727,0.06818181818181818,0.045454545454545456,0.022727272727272728,0.0,0.0,44
block-01,0.0,0.0,0.4772727272727273,0.0,0.0,0.022727272727272728,0.022727272727272728,0.0,0.3409090909090909,0.0,0.09090909090909091,0.0,0.022727272727272728,0.0,0.0,0.022727272727272728,44
snowy-02,0.0,0.0,0.0,0.0,0.0,0.0,0.0,0.0,0.022727272727272728,0.0,0.06818181818181818,0.022727272727272728,0.1590909090909091,0.0,0.7272727272727273,0.0,44
hug-01,0.022727272727272728,0.11363636363636363,0.06818181818181818,0.045454545454545456,0.022727272727272728,0.11363636363636363,0.0,0.09090909090909091,0.20454545454545456,0.0,0.022727272727272728,0.1590909090909091,0.11363636363636363,0.0,0.0,0.022727272727272728,44
hard-04,0.0,0.11627906976744186,0.023255813953488372,0.0,0.023255813953488372,0.023255813953488372,0.27906976744186046,0.0,0.046511627906976744,0.0,0.32558139534883723,0.023255813953488372,0.06976744186046512,0.0,0.023255813953488372,0.046511627906976744,43
buy-01,0.3488372093023256,0.0,0.0,0.023255813953488372,0.023255813953488372,0.0,0.13953488372093023,0.046511627906976744,0.09302325581395349,0.0,0.3023255813953488,0.023255813953488372,0.0,0.0,0.0,0.0,43
balance-01,0.046511627906976744,0.0,0.13953488372093023,0.0,0.0,0.0,0.0,0.06976744186046512,0.23255813953488372,0.0,0.23255813953488372,0.13953488372093023,0.06976744186046512,0.06976744186046512,0.0,0.0,43
happy-01,0.07142857142857142,0.2619047619047619,0.047619047619047616,0.023809523809523808,0.0,0.0,0.0,0.09523809523809523,0.16666666666666666,0.0,0.14285714285714285,0.11904761904761904,0.023809523809523808,0.0,0.0,0.047619047619047616,42
bicycle-01,0.0,0.0,0.047619047619047616,0.0,0.0,0.0,0.047619047619047616,0.0,0.21428571428571427,0.0,0.5714285714285714,0.023809523809523808,0.0,0.07142857142857142,0.023809523809523808,0.0,42
empty-02,0.047619047619047616,0.0,0.09523809523809523,0.023809523809523808,0.023809523809523808,0.09523809523809523,0.0,0.023809523809523808,0.16666666666666666,0.09523809523809523,0.2857142857142857,0.023809523809523808,0.0,0.07142857142857142,0.047619047619047616,0.0,42
observe-01,0.16666666666666666,0.09523809523809523,0.11904761904761904,0.023809523809523808,0.0,0.023809523809523808,0.023809523809523808,0.047619047619047616,0.07142857142857142,0.0,0.3333333333333333,0.047619047619047616,0.047619047619047616,0.0,0.0,0.0,42
draw-01,0.21428571428571427,0.11904761904761904,0.07142857142857142,0.0,0.09523809523809523,0.07142857142857142,0.047619047619047616,0.0,0.09523809523809523,0.0,0.23809523809523808,0.047619047619047616,0.0,0.0,0.0,0.0,42
paint-01,0.0,0.047619047619047616,0.14285714285714285,0.0,0.07142857142857142,0.14285714285714285,0.023809523809523808,0.023809523809523808,0.023809523809523808,0.0,0.38095238095238093,0.11904761904761904,0.0,0.0,0.0,0.023809523809523808,42
tattoo-01,0.24390243902439024,0.024390243902439025,0.04878048780487805,0.0,0.0,0.17073170731707318,0.024390243902439025,0.0,0.024390243902439025,0.024390243902439025,0.12195121951219512,0.21951219512195122,0.04878048780487805,0.04878048780487805,0.0,0.0,41
lift-01,0.024390243902439025,0.04878048780487805,0.3170731707317073,0.024390243902439025,0.0,0.0,0.04878048780487805,0.0,0.17073170731707318,0.0,0.07317073170731707,0.04878048780487805,0.04878048780487805,0.1951219512195122,0.0,0.0,41
bite-01,0.0,0.4,0.0,0.0,0.0,0.05,0.0,0.1,0.125,0.0,0.025,0.05,0.125,0.025,0.025,0.075,40
dirty-02,0.025,0.05,0.0,0.0,0.0,0.075,0.0,0.075,0.15,0.0,0.2,0.225,0.15,0.05,0.0,0.0,40
wrap-01,0.05128205128205128,0.20512820512820512,0.15384615384615385,0.0,0.02564102564102564,0.02564102564102564,0.05128205128205128,0.02564102564102564,0.02564102564102564,0.0,0.20512820512820512,0.15384615384615385,0.02564102564102564,0.02564102564102564,0.0,0.02564102564102564,39
build-01,0.02564102564102564,0.20512820512820512,0.0,0.0,0.02564102564102564,0.02564102564102564,0.10256410256410256,0.02564102564102564,0.10256410256410256,0.0,0.1794871794871795,0.10256410256410256,0.05128205128205128,0.15384615384615385,0.0,0.0,39
come-01,0.0,0.0,0.07692307692307693,0.0,0.02564102564102564,0.0,0.0,0.02564102564102564,0.4358974358974359,0.0,0.2564102564102564,0.0,0.02564102564102564,0.10256410256410256,0.05128205128205128,0.0,39
race-01,0.0,0.0,0.15384615384615385,0.0,0.0,0.0,0.0,0.0,0.38461538461538464,0.0,0.20512820512820512,0.1282051282051282,0.05128205128205128,0.05128205128205128,0.02564102564102564,0.0,39
shoot-02,0.02564102564102564,0.0,0.5897435897435898,0.0,0.0,0.0,0.0,0.0,0.1282051282051282,0.0,0.07692307692307693,0.02564102564102564,0.1282051282051282,0.02564102564102564,0.0,0.0,39
get-05,0.0,0.05128205128205128,0.10256410256410256,0.0,0.07692307692307693,0.0,0.02564102564102564,0.02564102564102564,0.20512820512820512,0.0,0.41025641025641024,0.0,0.0,0.10256410256410256,0.0,0.0,39
line-01,0.0,0.0,0.0,0.0,0.02564102564102564,0.0,0.0,0.02564102564102564,0.05128205128205128,0.0,0.717948717948718,0.05128205128205128,0.1282051282051282,0.0,0.0,0.0,39
buck-01,0.0,0.0,0.0,0.0,0.0,0.0,0.0,0.0,0.9743589743589743,0.0,0.0,0.0,0.02564102564102564,0.0,0.0,0.0,39
out-06,0.0,0.0,0.02631578947368421,0.02631578947368421,0.0,0.0,0.0,0.05263157894736842,0.2631578947368421,0.0,0.23684210526315788,0.07894736842105263,0.10526315789473684,0.21052631578947367,0.0,0.0,38
spray-01,0.0,0.0,0.0,0.0,0.0,0.0,0.10526315789473684,0.0,0.23684210526315788,0.0,0.3157894736842105,0.05263157894736842,0.0,0.21052631578947367,0.07894736842105263,0.0,38
beard-02,0.07894736842105263,0.07894736842105263,0.10526315789473684,0.0,0.05263157894736842,0.02631578947368421,0.05263157894736842,0.02631578947368421,0.10526315789473684,0.0,0.23684210526315788,0.10526315789473684,0.0,0.02631578947368421,0.0,0.10526315789473684,38
protect-01,0.18421052631578946,0.02631578947368421,0.07894736842105263,0.0,0.0,0.0,0.02631578947368421,0.0,0.3684210526315789,0.0,0.07894736842105263,0.07894736842105263,0.07894736842105263,0.05263157894736842,0.02631578947368421,0.0,38
hold-up-10,0.07894736842105263,0.02631578947368421,0.05263157894736842,0.02631578947368421,0.02631578947368421,0.07894736842105263,0.0,0.0,0.18421052631578946,0.0,0.34210526315789475,0.05263157894736842,0.07894736842105263,0.05263157894736842,0.0,0.0,38
shovel-01,0.0,0.0,0.0,0.0,0.0,0.0,0.13157894736842105,0.5526315789473685,0.0,0.0,0.10526315789473684,0.07894736842105263,0.0,0.0,0.0,0.13157894736842105,38
include-01,0.02702702702702703,0.16216216216216217,0.16216216216216217,0.05405405405405406,0.0,0.0,0.02702702702702703,0.0,0.16216216216216217,0.0,0.35135135135135137,0.02702702702702703,0.0,0.02702702702702703,0.0,0.0,37
close-01,0.05405405405405406,0.1891891891891892,0.08108108108108109,0.0,0.02702702702702703,0.08108108108108109,0.0,0.0,0.08108108108108109,0.0,0.24324324324324326,0.08108108108108109,0.08108108108108109,0.08108108108108109,0.0,0.0,37
cry-02,0.0,0.43243243243243246,0.0,0.0,0.13513513513513514,0.13513513513513514,0.0,0.05405405405405406,0.13513513513513514,0.0,0.0,0.05405405405405406,0.05405405405405406,0.0,0.0,0.0,37
protest-01,0.0,0.0,0.0,0.0,0.0,0.0,0.0,0.0,0.02702702702702703,0.0,0.8378378378378378,0.13513513513513514,0.0,0.0,0.0,0.0,37
follow-01,0.02702702702702703,0.0,0.0,0.0,0.0,0.0,0.0,0.0,0.21621621621621623,0.0,0.3783783783783784,0.02702702702702703,0.13513513513513514,0.13513513513513514,0.08108108108108109,0.0,37
seem-01,0.1111111111111111,0.05555555555555555,0.08333333333333333,0.027777777777777776,0.0,0.05555555555555555,0.0,0.027777777777777776,0.1388888888888889,0.0,0.3888888888888889,0.027777777777777776,0.027777777777777776,0.05555555555555555,0.0,0.0,36
fun-01,0.0,0.027777777777777776,0.1111111111111111,0.0,0.0,0.05555555555555555,0.0,0.08333333333333333,0.25,0.027777777777777776,0.1388888888888889,0.0,0.1111111111111111,0.16666666666666666,0.0,0.027777777777777776,36
wrestle-01,0.0,0.3333333333333333,0.5,0.0,0.0,0.027777777777777776,0.0,0.0,0.05555555555555555,0.0,0.0,0.0,0.08333333333333333,0.0,0.0,0.0,36
reflect-01,0.08571428571428572,0.0,0.02857142857142857,0.0,0.05714285714285714,0.0,0.08571428571428572,0.0,0.05714285714285714,0.0,0.6285714285714286,0.02857142857142857,0.0,0.02857142857142857,0.0,0.0,35
paddle-01,0.0,0.0,0.0,0.0,0.0,0.0,0.0,0.0,0.02857142857142857,0.0,0.02857142857142857,0.0,0.02857142857142857,0.9142857142857143,0.0,0.0,35
fresh-04,0.11764705882352941,0.058823529411764705,0.0,0.029411764705882353,0.0,0.029411764705882353,0.23529411764705882,0.029411764705882353,0.058823529411764705,0.0,0.17647058823529413,0.029411764705882353,0.11764705882352941,0.0,0.11764705882352941,0.0,34
start-01,0.029411764705882353,0.0,0.38235294117647056,0.0,0.0,0.0,0.0,0.029411764705882353,0.17647058823529413,0.0,0.08823529411764706,0.0,0.08823529411764706,0.20588235294117646,0.0,0.0,34
shake-01,0.15151515151515152,0.0,0.12121212121212122,0.0,0.0,0.0,0.0,0.0,0.21212121212121213,0.0,0.0,0.0,0.06060606060606061,0.45454545454545453,0.0,0.0,33
mix-01,0.06060606060606061,0.3939393939393939,0.12121212121212122,0.18181818181818182,0.0,0.030303030303030304,0.0,0.06060606060606061,0.030303030303030304,0.0,0.06060606060606061,0.030303030303030304,0.030303030303030304,0.0,0.0,0.0,33
touch-01,0.030303030303030304,0.12121212121212122,0.2727272727272727,0.030303030303030304,0.0,0.12121212121212122,0.0,0.06060606060606061,0.06060606060606061,0.0,0.06060606060606061,0.030303030303030304,0.09090909090909091,0.12121212121212122,0.0,0.0,33
mow-01,0.0,0.0,0.0,0.0,0.0,0.0,0.0,0.48484848484848486,0.0,0.0,0.5151515151515151,0.0,0.0,0.0,0.0,0.0,33
cause-01,0.0,0.12121212121212122,0.0,0.030303030303030304,0.0,0.0,0.030303030303030304,0.0,0.30303030303030304,0.0,0.2727272727272727,0.06060606060606061,0.030303030303030304,0.15151515151515152,0.0,0.0,33
check-01,0.21212121212121213,0.09090909090909091,0.030303030303030304,0.0,0.06060606060606061,0.06060606060606061,0.030303030303030304,0.030303030303030304,0.0,0.09090909090909091,0.24242424242424243,0.06060606060606061,0.0,0.030303030303030304,0.06060606060606061,0.0,33
tour-01,0.0,0.0,0.030303030303030304,0.030303030303030304,0.06060606060606061,0.0,0.06060606060606061,0.0,0.06060606060606061,0.0,0.6363636363636364,0.030303030303030304,0.09090909090909091,0.0,0.0,0.0,33
present-01,0.7272727272727273,0.0,0.030303030303030304,0.030303030303030304,0.0,0.030303030303030304,0.030303030303030304,0.0,0.06060606060606061,0.0,0.09090909090909091,0.0,0.0,0.0,0.0,0.0,33
concrete-02,0.0,0.03125,0.0,0.0,0.0,0.03125,0.0,0.09375,0.21875,0.0,0.53125,0.09375,0.0,0.0,0.0,0.0,32
same-01,0.03125,0.03125,0.09375,0.0,0.0,0.0,0.03125,0.03125,0.28125,0.03125,0.1875,0.03125,0.0625,0.15625,0.0,0.03125,32
place-01,0.125,0.125,0.03125,0.03125,0.0,0.0625,0.03125,0.03125,0.03125,0.0625,0.25,0.0625,0.0625,0.03125,0.0625,0.0,32
set-up-03,0.09375,0.0625,0.03125,0.0,0.0,0.0,0.0625,0.0625,0.09375,0.03125,0.25,0.0,0.125,0.09375,0.09375,0.0,32
dry-02,0.0,0.3225806451612903,0.0,0.0,0.0,0.0,0.0,0.06451612903225806,0.03225806451612903,0.0,0.0,0.16129032258064516,0.2903225806451613,0.0,0.12903225806451613,0.0,31
hot-05,0.06451612903225806,0.06451612903225806,0.0,0.0,0.0,0.03225806451612903,0.06451612903225806,0.06451612903225806,0.3225806451612903,0.0,0.0967741935483871,0.1935483870967742,0.03225806451612903,0.06451612903225806,0.0,0.0,31
load-01,0.03333333333333333,0.03333333333333333,0.0,0.0,0.0,0.0,0.26666666666666666,0.0,0.0,0.0,0.43333333333333335,0.0,0.2,0.03333333333333333,0.0,0.0,30
squat-01,0.06666666666666667,0.0,0.03333333333333333,0.03333333333333333,0.0,0.0,0.03333333333333333,0.06666666666666667,0.06666666666666667,0.0,0.36666666666666664,0.06666666666666667,0.1,0.13333333333333333,0.0,0.03333333333333333,30
finish-01,0.0,0.16666666666666666,0.06666666666666667,0.0,0.0,0.0,0.0,0.06666666666666667,0.3333333333333333,0.0,0.2,0.03333333333333333,0.06666666666666667,0.03333333333333333,0.03333333333333333,0.0,30
go-01,0.0,0.0,0.13333333333333333,0.0,0.03333333333333333,0.0,0.0,0.0,0.43333333333333335,0.0,0.23333333333333334,0.03333333333333333,0.03333333333333333,0.06666666666666667,0.03333333333333333,0.0,30
march-01,0.0,0.0,0.0,0.0,0.0,0.0,0.03333333333333333,0.0,0.23333333333333334,0.0,0.6333333333333333,0.1,0.0,0.0,0.0,0.0,30
light-06,0.1,0.0,0.06666666666666667,0.06666666666666667,0.06666666666666667,0.03333333333333333,0.03333333333333333,0.1,0.06666666666666667,0.0,0.3,0.03333333333333333,0.03333333333333333,0.06666666666666667,0.03333333333333333,0.0,30
low-04,0.03333333333333333,0.0,0.06666666666666667,0.0,0.0,0.0,0.03333333333333333,0.0,0.06666666666666667,0.0,0.3333333333333333,0.06666666666666667,0.1,0.23333333333333334,0.06666666666666667,0.0,30
repair-01,0.16666666666666666,0.03333333333333333,0.03333333333333333,0.0,0.03333333333333333,0.0,0.06666666666666667,0.26666666666666666,0.0,0.0,0.23333333333333334,0.16666666666666666,0.0,0.0,0.0,0.0,30
shave-01,0.23333333333333334,0.4666666666666667,0.03333333333333333,0.0,0.0,0.0,0.0,0.0,0.0,0.0,0.1,0.06666666666666667,0.0,0.1,0.0,0.0,30
lead-01,0.0,0.0,0.06666666666666667,0.0,0.0,0.0,0.0,0.0,0.3333333333333333,0.0,0.36666666666666664,0.0,0.06666666666666667,0.03333333333333333,0.13333333333333333,0.0,30
dig-01,0.0,0.0,0.0,0.0,0.0,0.0,0.3333333333333333,0.03333333333333333,0.03333333333333333,0.0,0.2,0.0,0.03333333333333333,0.23333333333333334,0.1,0.03333333333333333,30
operate-01,0.2413793103448276,0.0,0.13793103448275862,0.0,0.034482758620689655,0.034482758620689655,0.1724137931034483,0.0,0.10344827586206896,0.0,0.1724137931034483,0.034482758620689655,0.0,0.06896551724137931,0.0,0.0,29
excite-01,0.06896551724137931,0.13793103448275862,0.13793103448275862,0.0,0.0,0.034482758620689655,0.0,0.034482758620689655,0.3103448275862069,0.0,0.10344827586206896,0.0,0.13793103448275862,0.0,0.034482758620689655,0.0,29
float-01,0.0,0.0,0.0,0.0,0.0,0.0,0.0,0.034482758620689655,0.13793103448275862,0.0,0.06896551724137931,0.034482758620689655,0.0,0.7241379310344828,0.0,0.0,29
in-ones-hands-04,0.034482758620689655,0.1724137931034483,0.034482758620689655,0.034482758620689655,0.0,0.034482758620689655,0.0,0.06896551724137931,0.1724137931034483,0.0,0.1724137931034483,0.034482758620689655,0.20689655172413793,0.034482758620689655,0.0,0.0,29
show-04,0.06896551724137931,0.0,0.3448275862068966,0.034482758620689655,0.0,0.13793103448275862,0.0,0.0,0.2413793103448276,0.0,0.13793103448275862,0.0,0.034482758620689655,0.0,0.0,0.0,29
board-01,0.0,0.0,0.0,0.0,0.06896551724137931,0.0,0.0,0.0,0.06896551724137931,0.0,0.3793103448275862,0.0,0.0,0.27586206896551724,0.20689655172413793,0.0,29
cheerlead-01,0.0,0.0,0.20689655172413793,0.0,0.0,0.0,0.0,0.0,0.6896551724137931,0.0,0.10344827586206896,0.0,0.0,0.0,0.0,0.0,29
sail-01,0.0,0.0,0.0,0.0,0.0,0.034482758620689655,0.0,0.0,0.0,0.0,0.2413793103448276,0.06896551724137931,0.0,0.6206896551724138,0.034482758620689655,0.0,29
stick-01,0.1724137931034483,0.034482758620689655,0.034482758620689655,0.0,0.0,0.10344827586206896,0.0,0.06896551724137931,0.13793103448275862,0.0,0.2413793103448276,0.13793103448275862,0.0,0.0,0.034482758620689655,0.034482758620689655,29
travel-01,0.03571428571428571,0.0,0.0,0.0,0.10714285714285714,0.0,0.0,0.0,0.17857142857142858,0.0,0.42857142857142855,0.0,0.0,0.17857142857142858,0.07142857142857142,0.0,28
stuff-01,0.10714285714285714,0.2857142857142857,0.03571428571428571,0.0,0.0,0.0,0.10714285714285714,0.03571428571428571,0.2857142857142857,0.0,0.14285714285714285,0.0,0.0,0.0,0.0,0.0,28
bare-02,0.0,0.0,0.03571428571428571,0.0,0.0,0.03571428571428571,0.0,0.0,0.21428571428571427,0.0,0.2857142857142857,0.07142857142857142,0.14285714285714285,0.10714285714285714,0.03571428571428571,0.07142857142857142,28
stretch-01,0.0,0.0,0.17857142857142858,0.0,0.0,0.03571428571428571,0.0,0.0,0.32142857142857145,0.0,0.32142857142857145,0.0,0.03571428571428571,0.10714285714285714,0.0,0.0,28
descend-01,0.07142857142857142,0.03571428571428571,0.03571428571428571,0.10714285714285714,0.03571428571428571,0.0,0.03571428571428571,0.0,0.21428571428571427,0.0,0.14285714285714285,0.0,0.07142857142857142,0.10714285714285714,0.14285714285714285,0.0,28
enter-01,0.03571428571428571,0.0,0.03571428571428571,0.03571428571428571,0.0,0.03571428571428571,0.07142857142857142,0.07142857142857142,0.14285714285714285,0.03571428571428571,0.42857142857142855,0.03571428571428571,0.0,0.07142857142857142,0.0,0.0,28
tie-01,0.0,0.0,0.10714285714285714,0.0,0.0,0.0,0.03571428571428571,0.0,0.14285714285714285,0.0,0.42857142857142855,0.03571428571428571,0.14285714285714285,0.07142857142857142,0.03571428571428571,0.0,28
demonstrate-01,0.1111111111111111,0.0,0.2962962962962963,0.0,0.0,0.037037037037037035,0.037037037037037035,0.0,0.1111111111111111,0.0,0.2222222222222222,0.07407407407407407,0.07407407407407407,0.0,0.0,0.037037037037037035,27
give-01,0.4444444444444444,0.14814814814814814,0.07407407407407407,0.0,0.0,0.037037037037037035,0.0,0.0,0.1111111111111111,0.0,0.14814814814814814,0.0,0.0,0.037037037037037035,0.0,0.0,27
put-on-08,0.0,0.5555555555555556,0.0,0.037037037037037035,0.0,0.0,0.0,0.0,0.0,0.0,0.2222222222222222,0.07407407407407407,0.0,0.07407407407407407,0.0,0.037037037037037035,27
brush-01,0.0,0.8148148148148148,0.0,0.0,0.0,0.0,0.0,0.0,0.0,0.0,0.0,0.14814814814814814,0.0,0.037037037037037035,0.0,0.0,27
grill-01,0.0,0.0,0.0,0.037037037037037035,0.0,0.0,0.0,0.5185185185185185,0.14814814814814814,0.18518518518518517,0.037037037037037035,0.0,0.07407407407407407,0.0,0.0,0.0,27
attach-01,0.07407407407407407,0.037037037037037035,0.0,0.0,0.0,0.037037037037037035,0.07407407407407407,0.0,0.1111111111111111,0.0,0.2962962962962963,0.25925925925925924,0.037037037037037035,0.037037037037037035,0.037037037037037035,0.0,27
match-01,0.07407407407407407,0.0,0.14814814814814814,0.0,0.0,0.037037037037037035,0.0,0.0,0.25925925925925924,0.0,0.4444444444444444,0.037037037037037035,0.0,0.0,0.0,0.0,27
blond-02,0.0,0.2222222222222222,0.037037037037037035,0.037037037037037035,0.0,0.07407407407407407,0.0,0.0,0.25925925925925924,0.037037037037037035,0.1111111111111111,0.07407407407407407,0.07407407407407407,0.037037037037037035,0.0,0.037037037037037035,27
line-up-02,0.038461538461538464,0.0,0.07692307692307693,0.0,0.0,0.0,0.038461538461538464,0.0,0.19230769230769232,0.0,0.5384615384615384,0.038461538461538464,0.038461538461538464,0.0,0.038461538461538464,0.0,26
shoot-01,0.0,0.0,0.4230769230769231,0.11538461538461539,0.0,0.038461538461538464,0.0,0.0,0.2692307692307692,0.0,0.07692307692307693,0.0,0.07692307692307693,0.0,0.0,0.0,26
wide-02,0.0,0.11538461538461539,0.07692307692307693,0.038461538461538464,0.0,0.038461538461538464,0.0,0.07692307692307693,0.11538461538461539,0.0,0.15384615384615385,0.0,0.07692307692307693,0.19230769230769232,0.0,0.11538461538461539,26
juggle-01,0.0,0.0,0.0,0.0,0.0,0.19230769230769232,0.0,0.07692307692307693,0.3076923076923077,0.0,0.11538461538461539,0.15384615384615385,0.038461538461538464,0.11538461538461539,0.0,0.0,26
cold-01,0.0,0.0,0.0,0.0,0.038461538461538464,0.0,0.0,0.038461538461538464,0.15384615384615385,0.0,0.4230769230769231,0.07692307692307693,0.11538461538461539,0.11538461538461539,0.038461538461538464,0.0,26
chat-01,0.11538461538461539,0.0,0.07692307692307693,0.11538461538461539,0.0,0.0,0.038461538461538464,0.07692307692307693,0.07692307692307693,0.038461538461538464,0.4230769230769231,0.0,0.038461538461538464,0.0,0.0,0.0,26
wade-01,0.0,0.0,0.0,0.0,0.0,0.0,0.0,0.0,0.0,0.0,0.07692307692307693,0.0,0.07692307692307693,0.8461538461538461,0.0,0.0,26
shape-01,0.07692307692307693,0.038461538461538464,0.11538461538461539,0.0,0.0,0.038461538461538464,0.11538461538461539,0.0,0.19230769230769232,0.0,0.23076923076923078,0.11538461538461539,0.038461538461538464,0.0,0.038461538461538464,0.0,26
row-01,0.0,0.038461538461538464,0.0,0.0,0.0,0.0,0.0,0.0,0.038461538461538464,0.0,0.0,0.0,0.0,0.9230769230769231,0.0,0.0,26
nice-01,0.07692307692307693,0.038461538461538464,0.038461538461538464,0.0,0.0,0.0,0.038461538461538464,0.0,0.23076923076923078,0.0,0.38461538461538464,0.038461538461538464,0.038461538461538464,0.11538461538461539,0.0,0.0,26
inflate-01,0.0,0.0,0.07692307692307693,0.0,0.0,0.0,0.0,0.038461538461538464,0.34615384615384615,0.0,0.15384615384615385,0.11538461538461539,0.11538461538461539,0.15384615384615385,0.0,0.0,26
signal-07,0.16,0.0,0.04,0.04,0.0,0.0,0.0,0.12,0.04,0.04,0.32,0.2,0.0,0.04,0.0,0.0,25
discuss-01,0.12,0.0,0.12,0.04,0.0,0.04,0.08,0.08,0.04,0.04,0.4,0.04,0.0,0.0,0.0,0.0,25
farm-01,0.04,0.0,0.0,0.0,0.0,0.0,0.36,0.0,0.0,0.0,0.4,0.0,0.2,0.0,0.0,0.0,25
pick-up-04,0.0,0.0,0.04,0.0,0.0,0.0,0.04,0.04,0.24,0.0,0.28,0.04,0.32,0.0,0.0,0.0,25
hang-out-06,0.0,0.12,0.08,0.04,0.0,0.04,0.0,0.0,0.12,0.0,0.44,0.04,0.04,0.04,0.04,0.0,25
